title,rating,reviews
Retzlaff Vineyards,4.6,11
LIVERMORE VALLEY WINE TRAILS,,
Page Mill Winery,3.7,9
Murrieta's Well,4.9,19
Cuda Ridge Winery,5,2
Mitchell Katz Winery,4.6,20
Concannon Vineyard,4.3,43
Rodrigue Molyneaux Winery,5,6
Wente Vineyards,4.3,42
Nottingham Cellars - Livermore Winery and Wine Tasting,4.5,4
Fenestra Winery,4.3,17
Bent Creek Winery,4.8,10
Livermore Valley Winegrowers Association,5,2
Garre Vineyard & Winery,4.5,21
Las Positas Vineyards,5,3
Steven Kent Winery,4.5,2
Stony Ridge Winery,,
Tenuta Vineyards,4.7,10
John Christopher Cellars,5,1
Darcie Kent Vineyards,4.3,4
