title,instock,price,photo
"""Supreme Pair"" Supremacy 2012 and 2013",In Stock,$125.00,https://www.secureclub.net/images/Nottingham/SUP-HotStampthumb.jpg
* Special Case NC Ralphi's Red 2012,In Stock,$240.00,https://www.secureclub.net/images/Nottingham/NottinghamRalphis_2012.jpg
Celebrate Chardonnay! 6-pack,In Stock,$144.00,https://www.secureclub.net/images/Nottingham/2016 Chard.png
Concert Ticket - Crawdad Republic (Aug 31st),In Stock,$14.00,https://www.secureclub.net/images/Nottingham/purple orchid concert.jpg
Concert Ticket - Meredith McHenry (July 27),In Stock,$14.00,https://www.secureclub.net/images/Nottingham/purple orchid concert.jpg
Concert Ticket - Saint Ashbury (Sept. 28th),In Stock,$14.00,https://www.secureclub.net/images/Nottingham/purple orchid concert.jpg
Lucky 6! NC Micro-lot Reserve Cabernet Sauvignon 2012,In Stock,$225.00,https://www.secureclub.net/images/Nottingham/NottinghamMLRCab_2012.jpg
"NC Cabernet Sauvignon, 2014",In Stock,$36.00,https://www.secureclub.net/images/Nottingham/2014 Cab Sauv.png
"NC Chardonnay, 2016",In Stock,$28.00,https://www.secureclub.net/images/Nottingham/2016 Chard.png
"NC Cuvee, 2015",In Stock,$24.00,https://www.secureclub.net/images/Nottingham/2015 Cuvee.png
"NC MLR Cabernet, 2012",In Stock,$54.00,https://www.secureclub.net/images/Nottingham/NottinghamMLRCab_2012.jpg
"NC MLR Casa Malbec, 2013",In Stock,$50.00,https://www.secureclub.net/images/Nottingham/NottinghamMalbec_2012.jpg
"NC MLR Merlot, 2014",In Stock,$50.00,https://www.secureclub.net/images/Nottingham/NottinghamMLRMerlot_2012.jpg
"NC MLR Petit Verdot, 2013",In Stock,$50.00,https://www.secureclub.net/images/Nottingham/NottinghamPetitVerdot_2012.jpg
"NC MLR Ralphi's, 2012",In Stock,$38.00,https://www.secureclub.net/images/Nottingham/NottinghamRalphis_2012.jpg
"NC Rose, 2016",In Stock,$24.00,https://www.secureclub.net/images/Nottingham/2016 Rose.png
"NC Sauvignon Blanc, 2016",In Stock,$24.00,https://www.secureclub.net/images/Nottingham/2016 Suav Blanc.png
"NC Supremacy, 2012",In Stock,$80.00,https://www.secureclub.net/images/Nottingham/NottinghamSup_2012.jpg
"NC Supremacy, 2013",In Stock,$85.00,https://www.secureclub.net/images/Nottingham/NottinghamSup_2012.jpg
"NC Wolfe of Livermore, 2014",In Stock,$38.00,https://www.secureclub.net/images/Nottingham/NottinghamWolfe_2014.png
Summer Party Case,In Stock,$198.00,
"VDCS Casa De Vinas, 2013",In Stock,$60.00,https://www.secureclub.net/images/Nottingham/NottinghamCDVCab_2012.jpg
"VDCS Casa De Vinas, 2014",In Stock,$60.00,https://www.secureclub.net/images/Nottingham/NottinghamCDVCab_2012.jpg
"VDCS Harris Tesla, 2013",In Stock,$60.00,https://www.secureclub.net/images/Nottingham/NottinghamCabTesla_2012.jpg
"VDCS Smith Ranch, 2013",In Stock,$60.00,https://www.secureclub.net/images/Nottingham/NottinghamCabSmith_2012.jpg
"Viognier Dessert Wine, 2014",In Stock,$30.00,https://www.secureclub.net/images/Nottingham/VioDessert_2014w.png
"VU Coco Blanc, PP 2015",In Stock,$18.00,https://www.secureclub.net/images/Nottingham/VascoCocoBlanc_2015w.png
"VU Coco Noir, 2015",In Stock,$24.00,https://www.secureclub.net/images/Nottingham/VascoCocoNoir_2015w.png
"VU Grenache Blanc, 2015",Sold Out,$26.00,https://www.secureclub.net/images/Nottingham/VascoGB_2015.jpg
"VU Heine Petite Sirah, 2013",In Stock,$48.00,https://www.secureclub.net/images/Nottingham/VascoHeine_2012a.jpg
"VU Henry Syrah, 2013",In Stock,$42.00,https://www.secureclub.net/images/Nottingham/VascoHenry_2012a.jpg
"VU HP Mourvedre, 2013",In Stock,$42.00,https://www.secureclub.net/images/Nottingham/VascoHP_2012a.jpg
"VU HP Mourvedre, 2014",In Stock,$42.00,https://www.secureclub.net/images/Nottingham/VascoHP_2012a.jpg
"VU Norm Grenache, 2014",In Stock,$42.00,https://www.secureclub.net/images/Nottingham/VascoNorm_2012a.jpg
"VU Sheriff GSM, 2014",In Stock,$36.00,https://www.secureclub.net/images/Nottingham/VascoSheriff_2012a.jpg
